"","djia","nasdaq","sp500","s.bio","s.cd","s.cs","s.energy","s.fin","s.hc","s.ind","s.mat","s.tech","s.util","gold.p","oil","usd","vix","brazil.us","canada.us","china.us","jap.us","mexico.us","skorea.us","swiss.us","us.euro","fedfunds","umsent","homep","unemply","bondhy","ust1","ust2","ust3","ust5","ust7","ust10","ust30","autosale"
"08-05",-0.0179153275612338,-0.11119548241656,0.00192987411352631,0.0485319758128729,-0.00247289598634303,0.0173484652816396,0.0125198401120251,-0.0484825650631225,0.0182454110082369,0.00931231482886411,0.0115240794853042,0.0308456046976375,0.0344776337954917,0.00827748411072946,0.028514196873535,-0.00906875053044264,-0.0843906341942335,-0.0325674929639692,-0.0210093852865522,-0.00860837453660016,0.0151916168626037,-0.0196051815598915,-0.0115999367406773,-0.00802449854294559,0.00975176445052919,-0.141078598259905,-0.0457596171494668,-0.0018064258625275,0.0769610411361284,0.101719316929308,0.168820869575052,0.178248231406319,0.18753960814172,0.103598400664427,0.0812476722728798,0.0529224014543425,0.0354019270509158,-0.0419569896500938
"08-06",-0.107514843508512,-0.277175213520675,-0.0898835540015048,-0.0283688632768518,-0.122555316500601,-0.05868356193435,0.0310667636909826,-0.191758577325542,-0.0432308541538066,-0.128123327788712,-0.0599234838784812,-0.0983559505551033,-0.00749083920286577,0.0587836479236545,0.0944174660740214,0.00301466734313661,0.295085891981875,-0.0190706776634594,0.0245502564986402,-0.0117255367230571,0.00670984892315797,-0.00247182968458757,0.0176364615629789,-0.0217189068451794,0.0120098543312454,0.0100503358535015,-0.0585365024525728,-0.00287787236216753,0.0363676441708748,0.118669953674611,0.161061557367105,0.122759295642612,0.135388403371735,0.102499283376794,0.0751396445860912,0.0551518200750801,0.0193762789631389,-0.00770360831957178
"08-07",0.0024647991207868,0.0449264990478296,-0.00990829654130966,0.183160314191771,0.00175402358730685,0.0240083527346962,-0.173320759291495,0.0654333339863576,0.0438259873470579,0.0079074479965284,-0.0328858382870641,-0.0247469779887988,-0.0665388133617335,-0.0224972220269358,-0.119705073070737,0.0108431915452588,-0.0430862121556995,-0.0180356098993639,0.00743425120130293,-0.00296396014883893,0.0180151416196808,-0.0264544879433082,-0.0343035140481906,0.027743309478732,-0.0101478357509472,0.00498754151103897,0.0816780310142673,-0.00494164043301765,0.0350913198112702,-0.134770480364021,-0.0595920972022457,-0.0749414212921187,-0.0706175672139533,-0.0559792677419014,-0.0354743881936599,-0.0221957323917843,-0.0259193775520746,0.0137760834131373
"08-08",0.014443415317719,0.163112777455623,0.0121167592163993,-0.0728302198446077,0.0667705882067908,0.026649373046896,0.00335446363899464,-0.00975661228451936,0.0204465817208627,0.0270520860545796,-0.0157247519517711,0.0177387563231641,-0.0110904878084332,-0.0864134696474528,-0.071948257708361,0.0463427277702204,-0.105166792294183,0.0430570428306185,0.0354239604263959,-0.00199063297584439,0.00544306892993301,0.025823435278013,0.0738254663251603,0.0492939665261733,-0.0608291138249181,-0.00498754151103894,0.0289875368732522,-0.00869641839387075,0.0504308536268919,-0.294619213829389,-0.0448505661653516,-0.0601383587385334,-0.0610602567612463,-0.0496996685522724,-0.0396652563924315,-0.0303820836881228,-0.0154358081298394,-0.0964815225920977
"08-09",-0.0619009317932806,-0.0670498065128697,-0.0951807653357315,-0.0675174494419299,-0.0855820727272793,-0.0125914343986602,-0.161705558489272,-0.0645671750144446,-0.0772163546688506,-0.128648936253163,-0.16815244222336,-0.132937210149622,-0.116337576454733,0.0698293416319174,-0.137557536995873,0.0155447037433491,0.645796657575773,0.162044781998432,-0.00320331911376904,-0.00518543074932002,-0.0256268974587149,0.0635486655574329,0.102297979638377,0.0153100973199441,-0.0409100525704512,-0.0998203352822109,0.109637072425087,-0.0145180650642631,0,-0.0741079721537218,-0.132221634742459,-0.151399646455368,-0.151684587332065,-0.0864325057723075,-0.0626135927279868,-0.0527826995779192,-0.052463569535741,-0.0902371358680795
"08-10",-0.151525869714154,0.0599893704278463,-0.185636473585464,-0.117014125390189,-0.194002174603586,-0.134774138946429,-0.208247175183811,-0.247443480707598,-0.121951416875557,-0.201465060432332,-0.253540950677058,-0.175793579306387,-0.139265646065396,-0.208068236423537,-0.39116858656905,0.0834170217242507,0.418997569293557,0.099203760323457,0.137416447133832,0.00717606372516431,-0.0750523484634022,0.146594360540081,0.0573472195065215,0.0420045999983861,-0.104642705657335,-0.623786052762443,-0.199249231114774,-0.0171540622038344,0.0635134057223259,-0.129256690454949,-0.296446370445369,-0.256133714716855,-0.220990697953109,-0.0534886849509861,-0.018634079544893,0.0320027310861737,-0.023697791429823,-0.354156549235338
"08-11",-0.0546537494817723,-0.411955831855491,-0.0777983575748146,-0.0860427942213202,-0.114687386280888,-0.00207531426093836,-0.0220308771992917,-0.204325820958036,-0.0652407345637577,-0.0857844915535881,-0.113020214383153,-0.0878306796130483,0.0410019249404961,0.110358301023833,-0.209833116859513,0.0062944769578788,-0.0800983668169565,0.083291166789933,0.0164780627030139,-0.00196133023457077,-0.029113236075228,0.0525125429309538,0.138995887096601,0.0416272234115156,0.000945775606438641,-0.911149332373736,-0.0407496591735565,-0.0196230892211559,0.0451204352804696,-0.00894193737566139,-0.282998223139354,-0.285613819387722,-0.208466836898277,-0.17574979163072,-0.123284031846731,-0.0763313181934043,-0.0416216746908194,-0.272001688781717
"08-12",-0.00598112706793423,0.13915523155256,0.0077911469350073,0.0886023720224535,0.058936830732236,0.000159564967919954,-0.0460351691439269,0.00369970156459775,0.0694336111504583,0.022994737604695,-0.005774593270386,0.0157733168531501,-0.0243027479864139,0.0613835802727869,-0.213410237269935,-0.0475464281496514,-0.323531725345478,0.00242403373824997,-0.00975617494536469,-0.000424973811889898,-0.0501581641940846,0.0324765886779082,-0.151203166073302,-0.130845788303658,0.0921253723609849,-0.890972923889865,0.0832369330128728,-0.0228436575934536,0.0709517359722844,-0.137817725805208,-0.78100853635128,-0.389071298332488,-0.344451002353018,-0.409841482707963,-0.400160055878471,-0.37753033077661,-0.331982331348361,-0.183145994099946
"09-01",-0.0925161254635318,-0.124380913566358,-0.0895498794569227,-0.0159794340108404,-0.112235070485096,-0.0747847815797957,-0.0179539024285967,-0.303785604336829,-0.0121258422468202,-0.127813778516049,-0.0767498515070596,-0.0485307460863376,-0.00172405855536059,0.0600123977233011,-0.0665135644225572,0.0410190432261725,0.114221144090023,0,0.0101606238891995,0.00244479212953044,-0.0106301521425506,0.0355798225600893,0.0893857350500919,0.0843218582305556,-0.0834971911376469,-0.0645385211375712,0.0181373479771185,-0.0210720982552922,0.0662493855412007,-0.104978763410396,-0.107630664192365,-0.0122700925918142,0.0545589842504342,0.0512932943875505,0.0465200156348929,0.040491361354737,0.086720974780532,0.0487923549922927
"09-02",-0.124689056327227,-0.0430777565056183,-0.116456513144467,-0.131232820343022,-0.0951545932093302,-0.0842651940774925,-0.131706266067153,-0.195393365296899,-0.132279629496659,-0.186698090752017,-0.0836496395888935,-0.0388938292131158,-0.133827137666227,0.027119395908054,0.0563726324465079,0.0279501878544948,0.033120693807905,0.0264520542373023,0.027519184227983,4.38638174751561e-05,0.0843918966008935,0.051335154950023,0.105012629065346,0.00515376505810097,-0.0111522399856818,0.382992252256106,-0.0834526543726358,-0.0117373899288045,0.0621317811070064,-0.147809504488811,0.34294475112683,0.190518323998133,0.192593107115784,0.15593480162076,0.14981227822866,0.130053128248198,0.137119197948126,0.0206587211935273
"09-03",0.0744612636990571,-0.0652409787311804,0.0819526932177633,0.0396056157412272,0.119538163981365,0.0416064217443282,0.0369510779128611,0.157719004457427,0.0583235089226402,0.0844995831115611,0.142883458792726,0.105988892112339,0.0188444892775697,-0.0271193959080541,0.117204033286437,-0.0224509301566391,-0.0488548911832738,-0.0317840130298183,-0.00821619411044431,-0.000965448716048406,0.0143229631237962,-0.0599537837820922,-0.110607963941009,-0.024018148522837,0.0462220145735271,-0.200670695462151,0.0176060885750493,-0.00749260707131165,0.0470675108579857,-0.132267968577751,0.0317486983145803,-0.0523679855173159,-0.0447836026269734,-0.0271019297777913,0.0508584172334912,-0.0175751448215076,0.0138314791484618,0.124811606425332
"09-04",0.0709175289594329,-0.0180368848892093,0.0897722188962051,-0.0585567123722696,0.169946718139445,0.0417688123017447,0.0752848259644092,0.197156351600468,-0.00124018892496329,0.166093829870049,0.144780514864747,0.099259900209042,0.011673456508444,-0.0326446691412758,0.0142016588281648,-0.0208832877224663,-0.190054140240145,-0.0573808772782329,-0.0543625387276672,-0.00218300711560232,-0.00394119048882627,-0.0292048888031064,-0.0719745872430482,0.000614115911742589,-0.00128277701046214,-0.182321556793955,0.12762392549383,0.00294390443218546,0.0339015516756814,-0.123481056771021,-0.151549898127201,0,0.00760459938521921,0.0217399866364058,0.0204506104712908,0.0382655380789538,0.0324352757531537,0.162654498920217
"09-05",0.039866214038681,0.0932753513067421,0.0517205770319347,0.0364387367913445,-0.00732621378207084,0.0496556077120893,0.121223569370346,0.130847971808517,0.0660110381900999,0.0329973307137942,0.0567900985806032,0.0229241815416471,0.0349714314978817,0.0892585689465346,0.275342096216205,-0.0679548654396759,-0.232778863297882,-0.0989163797290252,-0.085831830939995,0.00143633963341709,-0.0330429937906968,-0.0458887906753747,-0.0221703459069616,-0.0642929803327177,0.0644724513017307,0.182321556793955,0.0538246500137803,0.00832804517878472,0.0434851119397389,0.0901018346971866,-0.0953101798043249,0,0.0516720105443209,0.135545491996224,0.128966332705769,0.115885141748305,0.117783035656384,0.0349860283791378
"09-06",-0.00629363752670918,0.00942975110254377,0.000195807358790868,0.0758560147600082,0.00253084569204168,0.0019869736913656,-0.0677314812094786,-0.0180173882806787,0.0234250655656663,-0.0171888818829464,-0.0464337112937977,0.0357498212808182,0.0523233818145519,-0.0324126648750594,0.0515797862961136,0.020273096612457,-0.0930651223031926,-0.0012712620257247,0.0592654478559028,0.000351442381710648,0.0090639782911943,-0.00091074687533848,0.019425784293934,0.0162348758040421,-0.00753218938028661,0.154150679827258,0.0301098014713704,0.0108993636085933,0.010582109330537,-0.00786373646021458,0.0198026272961797,0.238085131312409,0.23601006190746,0.240826655170276,0.181728261018616,0.122836103507775,0.066310000785953,0.0871463086480288
"09-07",0.0823014946310469,-0.00848285926235626,0.0715219492209934,0.0867481068903885,0.0906513989555328,0.0644295954131062,0.0521044456817704,0.0849870672984093,0.0576016810855225,0.0838183936321731,0.12105090794923,0.0786479749435682,0.036956585436739,-0.00479361770123641,-0.00805296270261387,-0.0357456157150902,-0.0164534035032974,-0.0522230073554235,-0.0745315158975624,0.000248863645965692,-0.0196906236123859,0.00246468984376145,-0.0411165019586965,-0.0184820677609467,0.0183050448417142,-0.271933715483642,-0.0702042586732485,0.00629468562352044,0,-0.117125357237413,-0.0606246218164349,-0.145711811181394,-0.127058878118905,-0.0967872849473381,-0.0706899444441084,-0.0439631234211162,-0.0246373043853851,0.044385890036436
"09-08",0.0398207967738263,0.00988951698806671,0.0411185356388657,-0.0169788175948453,0.051669336855166,0.0101441453857386,0.0303524676152277,0.125524865741505,0.028300221658031,0.0585532222920252,0.0367475939316184,0.0290166094663356,0.0184870615803181,0.0151016249242258,0.0487489108949475,-0.000591701011027965,-0.0457854236676786,0.00411952539357158,0.0077541235931512,-0.000278145794106149,-0.0105269726449917,0.00487354333582839,0.018322360963312,-0.0101753280416523,0.00551735170613308,0,-0.00455581653586069,-0.000557335948661031,0.0104712998672954,-0.0736529095747653,-0.0425596144187959,0.0935260580108235,0.0625203569813339,0.043744548962857,0.0220481372217624,0.00839165763624838,-0.00911168035125589,0.164332684143848
"09-09",0.0174574240643391,-0.0136825815723371,0.0269908684946949,-0.0120406084306346,0.0350510222166572,0.0345899925265674,0.0372347902174138,0.0158942840330144,0.00438730012944157,0.0447807534488157,0.0280209169835848,0.0323793165182215,0.00516935334545385,0.0517533515741998,-0.0315712769561319,-0.0187983554125544,0.0337534523950384,-0.0541354445145548,-0.0144487092653652,-0.000556523791109904,-0.0443691655253318,0.015964447849621,-0.0577067268458678,-0.0176742121613534,0.0187669368777418,-0.0645385211375712,0.112186480728226,-0.00693288692399217,0.0206192872027358,-0.0489494125175669,-0.139761942375159,-0.154150679827258,-0.108733200136466,-0.0810159437600886,-0.0610141057551462,-0.0543767708780718,-0.0420622751734524,0.00305109298027597
"09-10",4.63320224883981e-05,-0.153201371966239,-0.0199598805374463,-0.139566492344334,-0.0239463030970774,0.0144279611128814,0.0243672330729254,-0.0614204268034872,-0.0211497674523342,-0.0406792476727335,-0.0530980837606067,-0.0125368107912517,-0.0325737538855079,0.0422890826140516,0.0892795945767786,-0.00375200237110744,0.180953968420211,-0.016937997302705,0.00446803312419736,2.92984486492296e-05,0.0112229635111137,-0.0244042746526045,0.00593977138778416,-0.0132927780813705,0.00850779336286984,-0.22314355131421,-0.0402552617195947,-0.00696782810304722,0.0202027073175195,0.293517853915883,-0.0779615414697119,-0.0104712998672954,-0.0136056520557786,-0.0170216875694306,-0.0200675630508093,-0.0029455102297568,0,0.0176361859570791
"09-11",0.0630504484319468,0.0337543158107298,0.0557790770857573,0.0723156416246842,0.0649576337929546,0.0361185520634727,0.028019752713311,0.0425002486216613,0.088909642241114,0.0841404930018942,0.102288556668369,0.0538376118704101,0.0471283559111154,0.115173389140337,0.00194514747189231,-0.020155961325493,-0.224855671091624,0.00343347976789154,-0.0184661009514337,1.46489024313351e-05,-0.0496081782097181,-0.0183730692357674,-0.0150019860945752,-0.0185336535303069,0.0160681126859675,0,-0.0463851265809348,-0.00432306970045493,-0.0100503358535015,-0.0913280939052028,-0.176930708159078,-0.171850256926659,-0.100804699121966,-0.0438666821055819,-0.0136056520557786,0.00294551022975674,0.0282371701816098,0.0579835024892848
"09-12",0.00801144617402909,0.0592384000194456,0.0176145206146642,0.0669177998570777,0.044845775026416,-0.0022166481532029,0.00876620882912124,-0.0141892403967339,0.0181400183786585,0.016602395073928,0.0204781056797587,0.0564168579806113,0.0532691985474349,-0.0597717432999173,0.0281025007752595,0.0300815876592245,-0.122691020968576,-0.0045805977600414,-0.0103657435205224,-8.78966336155882e-05,0.0777176659379286,0.0109034868368127,-0.000644316080794215,0.030186533496615,-0.0451553216381629,0,0.0729415439423676,-0.00862080156215539,0,0.37963341349464,0.176930708159078,0.083881483980702,0.0444517625708338,0.0481493438975826,0.0500939453189153,0.0543767708780718,0.0409147976385066,0.0431323508030401
"10-01",-0.0352037632615036,-0.0968759273176801,-0.0376751241926442,0.0301160319223094,-0.0293134321526127,-0.0102527775392893,-0.0450261779032358,-0.0153954466794466,0.00673625758465841,-0.0148632827742815,-0.0903513690774113,-0.0898309789854296,-0.0492253312379672,-0.0194358467423046,-0.0859698830958083,0.014715439616314,0.127168944184862,0.0735544268872631,0.018093611590062,0.000131842053411317,-0.0294363344509574,-0.00223107417903816,-0.00426292978765735,0.0190299790058582,-0.0327665651159671,-0.0870113769896297,0.0258693799784171,-0.0115261812177393,-0.010152371464018,0.085920439454486,-0.0555698511548108,0.0666913744986724,0.0766926207882546,0.0581076308072808,0.0445933755428187,0.0382560311555367,0.0242036017408862,0.0544485713686908
"10-02",0.0252977925465759,0.0349569931117615,0.0281147396387648,0.0184610745985564,0.0541948223679152,0.0311880338517277,0.0296480194415774,0.034653407669632,0.00382901939982712,0.0519504114585864,0.0441344038673579,0.0342360520953352,-0.0132951770353581,0.0271056339456592,0.0901179627033802,0.002465938498389,-0.233144655186606,-0.040533224345986,-0.0124694606421218,-0.000146492243497727,-0.0171860049569068,-0.0210199315978138,0.000258877336735126,0.0144821037749346,-0.0152563801840962,0.167054084663166,-0.0108109161042157,-0.0135112796236434,0,-0.091543697008848,0,-0.0782521968997483,-0.0623038833361549,-0.0495969411393722,-0.0284379353205335,-0.0107817756032884,0.00433840159859836,-0.0702363785967803
"10-03",0.0501826331451093,0.125447452748022,0.0571328158757769,0.0626386473704568,0.0751709490066571,0.0369816992612334,0.027779586697409,0.0852491358892635,0.0263244163806383,0.0833568349650399,0.0761841686101433,0.0661603499651887,0.0265498681856324,-0.00270027166774665,0.0457271547632501,0.00107296218785229,-0.103083906820234,-0.0105496219969024,-0.0352135434671318,0,0.0500543462085702,-0.036479421997319,-0.0242785481974433,-0.0172328761995312,-0.00985809498989591,0.207639364778245,0,0.00374672077332076,0.0101523714640179,-0.215186570413627,0.133531392624523,0.110000895214328,0.0756374142056202,0.0292296383149385,0.0127390257774297,0.0107817756032884,0.00431966114451638,0.0836602664406505
"10-04",0.0139017406266438,-0.00569829167019174,0.0146513724173974,0.00664996963187213,0.0585446223789536,-0.0107991462410241,0.0407105758887399,0.0130801310015225,-0.0396816300373075,0.0416924244885226,0.00206191320313777,0.0124757218932181,0.0259583574350187,0.0575714275315913,0.030913268553539,0.00620822063187371,0.225982043143388,-0.031406645032375,-0.0043418264379304,-0.000161166257995101,0.00895337466847949,-0.00590333001128095,-0.0207224278350792,0.0224475262506185,-0.0166993592905187,0.22314355131421,-0.0192049798360499,0.0124436699415949,0,-0.0625203569813339,0.117783035656383,0.099090902644231,0.0825865910092741,0.059898141581069,0.0372713947972316,0.0316649146439687,0.0107182162200243,0.0346020327474613
"10-05",-0.082522098116414,-0.12189860632941,-0.0855315727060922,-0.108772397454236,-0.0729598615728699,-0.0474338120032213,-0.12160853168611,-0.0960529031040023,-0.0673053624974399,-0.0956173767080634,-0.100176250200504,-0.077765136502203,-0.0567718678748705,0.0324398017152037,-0.151095825457213,0.0423715975175813,0.374608411812209,0.0508009902494925,0.0373666646491591,0.000849493284432478,-0.0370753082015395,0.0506417135857626,0.0751710994586351,0.068813294359641,-0.0727210574693567,0,0.0192049798360498,0.0111554941717855,-0.0307716586667538,0.0269294118786313,-0.195744577126095,-0.244598486315469,-0.217064505237827,-0.168464522132528,-0.137021797564291,-0.118432597225179,-0.0891458495182624,-0.121836953173304
"10-06",-0.0364277506924376,-0.044549424888954,-0.0553884491799256,-0.0445774394469422,-0.102245533696298,-0.0256400713391738,-0.0610830044074747,-0.0589936138404132,-0.0184114189434689,-0.0712299297219279,-0.0761482986859894,-0.0554773498144821,-0.00704539406908744,0.0215938315124121,0.0212589060999156,-0.00422004289550235,0.0741970590134689,-0.0126832859708324,0.0103303766612775,-0.0071995609247722,-0.0258798604224783,-0.00254535260546525,0.0218196496752959,-0.068163370934879,-0.00632605516002893,-0.105360515657826,0.0320883145515007,0.00449936119015377,-0.0210534091978323,0.147920130076622,-0.145182009844498,-0.142174488780543,-0.120627987788615,-0.0861776962410524,-0.0724955020381535,-0.0664897412688329,-0.0380093259669843,-0.0512202316554725
"10-07",0.0683983299933476,0.0908006129150019,0.0665157993260929,0.0583380551633845,0.0763126106973901,0.0564175132142145,0.0804138672254928,0.0631343897805633,0.0130350868476527,0.0991803090774719,0.120716040613816,0.0718649171790519,0.0720078395379738,-0.0602216397436833,0.0422233141049619,-0.0440218118183792,-0.385117651568419,-0.0200423305113017,-0.0299558261705158,-0.00118037638197845,-0.0235547135147118,-0.0148004287680644,-0.0323394184751166,-0.0343689416314644,0.0613757263820551,0,-0.114171145339981,-0.000989072858774214,0,-0.0360590498157025,-0.0984400728132526,-0.149531733970964,-0.177206456127184,-0.127833371509885,-0.0904348654411506,-0.0612107310448966,-0.0344861760711692,0.0375937569168522
"10-08",-0.0440701644203152,-0.083515386084278,-0.0486118233154091,-0.0452886211889406,-0.0405703568945303,-0.0187063921221163,-0.0502769360205852,-0.081403150287232,-0.0165876552909511,-0.0718503004058293,-0.0307714053962958,-0.0577492111547456,0.0143840407199636,0.054562772581239,-0.0918538895297824,0.0172596557935498,0.103017347049263,-0.00318961368553611,0.0331564313690759,0.00491886355973782,-0.0273282707856446,0.040688779930181,0.0134455807093511,-0.0252931771390812,-0.0283261091101189,0.0540672212702758,0.0160939830732631,-0.00776355455336654,0.010582109330537,-0.0693014658421237,-0.109199291964992,-0.175890666463664,-0.22825865198098,-0.180051408259416,-0.14595391262308,-0.108688305750501,-0.0487901641694321,0.0786129018272759
"10-09",0.0743830293820855,0.0814591141213466,0.0839284740895417,0.12392850161007,0.104554022739007,0.0586265151837023,0.0952699653995975,0.0588703009494088,0.0867585823834094,0.109094960610882,0.0746894985920235,0.110321180875028,0.0285371013407525,0.0609345477942884,0.105708015400698,-0.0430842987967651,-0.0945427200582905,-0.0329990218766526,-0.0331564313690759,-0.0172481938354853,-0.00680071821108736,-0.0418839156332602,-0.0495375218357206,-0.0342753262939406,0.0682264149458364,0,-0.0102116131701966,-0.0124820337879923,0,-0.104846244625664,0,-0.0800427076735365,-0.052643733485422,-0.0416726964005681,-0.0240975515790606,-0.0186921330121526,-0.0079260652724206,0.0568163604475784
"10-10",0.0301704481889201,0.082928292274528,0.0361930520991756,0.00285922605074363,0.0538937773764744,0.0314233729433016,0.055174271878154,0.0145278261639737,0.0220572750314961,0.0283663109425311,0.0597988227499316,0.0561687406890719,0.0107765338695334,0.0194510900651412,0.018587895768091,-0.0192192031082767,-0.111473866463119,0.00129632921341459,-0.0103516549364932,-0.00296380781574353,-0.0371971424163857,-0.022869811450902,-0.0142222263860377,0.00427307599014199,0.0213137728200728,0,-0.0073583849311871,-0.0102052342428783,-0.0105821093305369,-0.125848896452506,-0.122602322092332,-0.233614851181505,-0.26101382536962,-0.178075265912504,-0.102654154060083,-0.0423955589676856,0.0261795055817711,0.0699653092571996
"10-11",-0.0101670924085082,0.0169098719792231,-0.00229287643221121,-0.0043761241253594,0.0249276302711927,-0.015764945939821,0.0569240019746553,-0.00689161721597964,-0.029298997411642,0.0132739067020619,0.0111445868268927,-0.0165635194343137,-0.0307319873321229,0.0282124362718307,0.0322550157864449,0.0362782813182997,0.104699920154164,0.00961095067939238,0.00772506653018207,-0.000554818311239953,0.037556230336936,0.00907428944461895,0.0291095426483437,0.0136125116837812,-0.0637423312953739,0,0.0560088940483704,-0.00913216304094949,0.0416726964005681,0.0784716154414951,0.083381608939051,0.169076330043934,0.161641351556416,0.134590153972765,0.0879118723228799,0.0830665986986133,0.079446226892356,0.0201412007274351
"10-12",0.0499480802421003,0.102608853910676,0.0634472951092559,0.0701842892907801,0.0422781331945952,0.0427144422174662,0.087628598937547,0.100437134601257,0.0453219263348501,0.0709560276517925,0.0964340332450916,0.0552577640062316,0.0302616948200831,0.0261992375928724,0.0658972623950689,-0.0215387246044006,-0.295358016323885,-0.0304964865685613,-0.0253527759012297,-0.0101003346035431,-0.0228781993181807,-0.00575767097000458,-0.0232548288607897,-0.0636775998987275,0.0177157265789843,-0.0540672212702758,0.039704051418914,-0.00838401194881323,-0.0523679855173159,0.135887106316982,0.148420005118273,0.320471895274772,0.390427230743624,0.357415410466456,0.275228611380494,0.175656885048222,0.0534389621555603,0.0789036379100376
"11-01",0.0274695427397628,0.0285909636107991,0.0222021619754485,-0.0283913840406425,-0.00830336705020863,-0.0144383754238527,0.07080076521504,0.0290773946622112,0.00538055902680696,0.0396845076815865,0,0.0300746491340874,0.0123711892483853,-0.056845904071475,0.0126079971390313,-0.0152040335999667,0.108608659380342,0.00647290243247998,0.00109840741983707,0.000257542590635555,0.00366658929475499,-0.0186176240569873,-0.010223674417209,0.00351606563288757,0.0330596368352672,-0.0571584138399485,-0.00403497521217899,-0.0113490900731031,-0.021739986636406,0.0549337188178376,-0.0714589639821449,-0.0162605208717803,0.0396091380950459,0.0306146358196069,0.0223057575142982,0.0299423566150783,0.022372297754533,0.0407143564502895
"11-02",0.0277326219975799,0.155899906242929,0.0314565770776236,0.0122205921184524,0.0582490022757675,0.0286710029676837,0.0710963177240231,0.0270693812973852,0.0307716381480828,0.0210245987190681,0.0261887144095943,0.0216944999272939,0.0122201737700723,0.0556053190652226,0.0649917649286797,-0.0128267904566265,-0.0623221703880082,-0.00845911994422664,-0.0286500336600996,-0.00461550959802633,-0.000366054546214322,-0.00338730538860331,0.00410202108987542,-0.0103705425077247,0.00567109270381632,-0.0606246218164349,0.0435137861859665,-0.00941538769250094,-0.0110498361865849,-0.0933077316994526,0.0714589639821449,0.232931557680373,0.217301275689981,0.127230174547793,0.084557388028063,0.0545328790202501,0.0283552257551252,0.0358269528761935
"11-03",0.00760940147482587,-0.101832718453135,-0.00104786201951342,0.0649680550999917,-0.00583157653770445,0.0123822454957554,0.0186494296216468,-0.0250655946755213,0.0179238966853203,0.0220584967788577,0.0173891883802362,-0.015631024297498,0.0023102888526838,0.0149611168691595,0.089488567118475,-0.0097824243339765,-0.033807597619146,-0.0189149625848324,-0.00205613313931726,-0.00350620804941103,0.00995758075861745,-0.016313303925996,-0.0238197623455134,-0.016033275968619,0.0278828472190875,-0.133531392624522,-0.138150338480817,0.000362936889259458,0,-0.0297788753556112,-0.109199291964992,-0.0953101798043249,-0.0898563291218612,-0.0686768657962194,-0.0555698511548108,-0.0486505091171835,-0.0305700660846781,-0.0389621128878319
"11-04",0.0353726063850492,0.0527627329618058,0.0257989187249247,0.112628131161982,0.0384324970368105,0.0492355453542881,-0.00565827830991277,0.00121958311787334,0.0629138895727612,0.022832677991259,0.0170945834846698,0.0265066290199005,0.0375661038402077,0.0675476161012329,0.0566560432682979,-0.0313361278193582,-0.193431522559801,-0.0259367090531061,-0.0212176446329819,-0.00724946275324622,-0.0144833055648533,-0.0314017346088615,-0.0224417869256428,-0.0470661951230458,0.04156908899197,-0.336472236621213,0.0335064118898425,0.00985044651053069,0.0110498361865849,0.0657971745447673,-0.0392207131532814,0.0419641990990322,0.0336166107989851,0.0280392200643931,0.0141846349919564,0.0145562977742075,-0.00221975673831289,-0.00217092444549257
"11-05",-0.0152783326471696,-0.0652239663540005,-0.0112948994964848,0.00680127652079781,-0.00345631788580308,0.0276140165931254,-0.0280052992722775,-0.0353524018745429,0.0238205491214251,-0.0238948061986941,-0.0238640607480693,-0.011274244830057,0.0232984149589632,0.0039113478809121,-0.0900738687495395,0.0165138011417729,0.0552185490221221,-0.00233416501902058,0.0182287220264712,-0.00345157358289441,-0.00343853955400795,0.00262889513032848,0.00474220982624176,-0.0244493958329688,-0.0280530038231826,-0.105360515657826,0.0624769419553867,0.0109350070090757,-0.0110498361865849,0.0163746348717899,-0.27443684570176,-0.265107750413242,-0.252495763326737,-0.164961595931474,-0.123521299029422,-0.0875370011804436,-0.0477906638363484,-0.0598704113006165
"11-06",-0.0124440599698681,-0.00865809382189967,-0.0184261855179573,-0.0287177388376511,-0.00217907526671745,-0.0270092932668666,-0.0194088054573108,-0.0278381684074734,-0.0113037392961099,-0.00547209209031112,-0.004027529878613,-0.0251463945026082,-0.00143950593610789,-0.0190481949706945,-0.0747823062743561,-0.00504161146290608,0.0669627647490775,-0.0151460194595304,-0.00475945026736064,-0.00233347089757205,-0.00802820343542254,0.0120268767612148,-0.0109127604448087,-0.0132248946009039,0.010173450144409,0,-0.0384135020237515,0.00885296579906827,0.0110498361865849,0.0519891079376003,-0.0540672212702758,-0.311779624030842,-0.280614905228688,-0.152340724582019,-0.0917309355775442,-0.0551192992210796,-0.0140847398817389,0.0150212083928343
"11-07",-0.0220796196990933,-0.0498382105345894,-0.0217083563525996,-0.027175052434778,-0.0140246045912427,-0.0128908777881755,0.0144933626506252,-0.0364884560469725,-0.0404938244184048,-0.0712204901845761,-0.0351541356118852,0.00427112709005812,-0.00930247154577139,0.0677763935929508,0.00397947954216524,-0.0119465368747651,0.424254387628537,-0.00643295882005506,-0.0107398978203594,-0.00426373761172856,-0.0438544482135857,0.000375384987302611,-0.0116022619228262,-0.065323329197164,-0.00933907379228936,-0.251314428280906,-0.115512887121844,0.00276504680798807,-0.0110498361865849,-0.0267873159636498,0.0540672212702758,0,-0.0431721718652085,-0.0256424306133377,-0.004376374599799,0,0.00941183418234638,0.0623808710217849
"11-08",-0.0446018386189426,-0.0159131345879153,-0.0584675017537988,-0.119277354982611,-0.0538850544394118,0.00194435411016658,-0.107761488685112,-0.100865904187307,-0.021327677630523,-0.0680046547876325,-0.0728339536997027,-0.0545411622593244,0.0214742333274608,0.123567118994062,-0.0745100339319089,0.00807268153596509,0.224963676059957,0.0220841244670021,0.0252575273122206,-0.00908401882634823,-0.00884961527698261,0.0501317038937873,0.00934895142101283,0.0197254966554967,0.00125026063379363,0.356674943938732,-0.132410693190852,-0.00392822700293419,0,-0.0849567224759655,-0.54654370636807,-0.578077850775158,-0.581921545449721,-0.411979789129358,-0.335595428147678,-0.265703165733006,-0.156886659646133,-0.0700049591915029
"11-09",-0.0621812383502029,-0.0234900929082359,-0.0744671009598789,-0.0593682323268802,-0.0714447965950129,-0.0335112948423344,-0.155759093396603,-0.120936715081873,-0.0459186216265446,-0.0977234031145253,-0.180077752431627,-0.031176721716183,0.00215856353508524,-0.114161452552869,-0.117937872550102,0.0566656162422863,0.306479618419283,0.154358076681882,0.0601013686131029,3.13582840773133e-05,0.00703402665737998,0.110772496605878,0.104335458084916,0.11836344278681,-0.0687400326257592,-0.22314355131421,0.0642024431643188,-0.0114713431110227,0,-0.0402064204780405,-0.0953101798043248,-0.0909717782057268,-0.0822380982369721,-0.125163142954006,-0.137923143205502,-0.14981227822866,-0.137845970802315,-0.0807291234899046
"11-10",0.0911608779994536,0.0793110033908046,0.102306591858191,0.105175424982461,0.112733873398459,0.0454774031816999,0.175146166555686,0.133742709683433,0.0560725032990343,0.13430079078608,0.159876034986142,0.0972343192201127,0.0359319445583076,0.0531944939421555,0.166079036077253,-0.032637065920892,-0.36040629155159,-0.0876952117053918,-0.0449856864424744,-0.00365987198441252,0.0119993698316383,-0.0446339921502359,-0.060071700778783,-0.0385312956837136,0.0363596775351453,-0.133531392624522,0.0216134764205372,-0.0126227676551802,-0.0224728558520585,-0.0884109573440531,0.0953101798043247,0.287682072451781,0.294799540220645,0.163629423781802,0.131769277631123,0.0823709974331276,-0.0158481922400237,-0.115577322925769
"11-11",0.0075556520538435,0.0467917809020088,-0.00507155380952858,-0.0129407955921384,-0.00720126693263127,0.0273291631462289,0.0165035430274753,-0.0524635515031042,0.00948995938198927,0.0139656189740654,0.00202976971205166,-0.0151075488673807,0.0102772128709884,-0.00818239515493967,0.0741233017006575,0.0263363146266399,-0.0748271379524273,0.0650993984824985,0.0265278086224611,0.00342466088136417,-0.00501447530968744,0.0336810601102359,0.0248669622474046,0.0449210937824845,-0.0360623018731516,0.133531392624523,0.0465947736059964,-0.0126743671651533,-0.0229895182246988,-0.0969922659873096,0,-0.113328685307003,-0.186585955580412,-0.152579587595217,-0.11086259281181,-0.0673331200685871,-0.0357761731652836,0.0249534938995082
"11-12",0.0141681717045723,-0.0685844997549735,0.00849656568624073,0.0173177789739952,0.0129895163021046,0.0273262232292417,-0.0206346252674984,0.021108439849808,0.0292188825874256,0.00253935113019562,-0.0230569922984071,-0.00229160451933605,0.0327711269070979,-0.0790406668481817,-0.015362519110129,0.0138188845642586,-0.172299998332936,0.0302483618851634,-0.00304414238122824,-0.0130384471162623,-0.00776401415622099,0.0240045474476521,0.0160539437965734,0.0290063625879241,-0.0363318549145305,-0.133531392624522,0.0928810866616469,-0.0110152802296123,-0.0116960397631912,-0.0218417419150489,0.0870113769896297,0.0392207131532813,0,-0.0222231367847102,-0.0138891121606672,-0.0150378773645404,-0.0133335308694651,-0.00292574540071263
"12-01",0.0334310524855453,0.0101479799261046,0.0426600440016451,0.143030622432794,0.0572723906897844,-0.0142594990847107,0.0223152429575952,0.0783845196019214,0.0314966071777198,0.070631279651791,0.104225149579682,0.0602314570273656,-0.036800332097131,0.0987972652842581,-0.00375082805803802,-0.0100386256191096,-0.185403223331363,-0.0608695919598266,-0.0116728993820682,0.00223775873223677,-0.00834860053851644,-0.0678671140404025,-0.0287210005116725,-0.0165648619320118,0.0061477178177773,0.133531392624523,0.0704224642965458,-0.00738915045361832,-0.0238106486937184,-0.171653115477031,0,-0.0800427076735365,-0.0800427076735365,-0.0578195708888262,-0.0355909451027026,-0.00506330195654676,0.0166393190039647,0.064428958488816
"12-02",0.0249503073074564,0.061859770053308,0.0397873450206206,0.00325809667878365,0.0442622046455932,0.0367802852432844,0.057582778233284,0.048586769855342,0.0105584709393351,0.0275030020034141,-0.00566400931394509,0.0686228704946745,0.00603716212922279,0.0283626499081221,0.0839258443220972,-0.00665325772533668,-0.0533530273505612,-0.0218610003553082,-0.0184781316935381,-0.0023013143513693,0.0604859138042834,-0.0186999490843419,-0.00766902278395574,-0.0215981645561389,0.0231723226010225,0.22314355131421,0.00399202126953746,-0.00123809468592535,0,-0.0617957192684657,0.287682072451781,0.154150679827258,0.0540672212702758,-0.0119761910467156,-0.00727275932907958,0,0.0260601066698651,0.0460072795847316
"12-03",0.0198729141432197,-0.0168459985613236,0.0308514756321126,0.0457745143891351,0.0461260478675606,0.03053780379898,-0.0388441967150742,0.0712774111053045,0.04379781233244,0.00974211249669447,0.00380072660617195,0.0441528522415121,0.0134984639559434,-0.0738283691881089,-0.0385560106951751,0.00818774901130312,-0.173139747756531,0.059814732891666,0.0124900898489156,0.000635374495205659,0.016023827653925,0.0013590779109479,0.0127197623322528,0.00033242839244581,-0.00187315081180683,0.262364264467491,0.0118813278867527,0.0139108833565679,-0.012121360532345,-0.145555585591324,0.171850256926659,0.194156014440957,0.29423947299794,0.206132205487673,0.129875081421412,0.0966936248024711,0.0532206962049095,0.00346446942796926
"12-04",0.0001203375355794,-0.0527168278108293,-0.00752569988430718,0.0108776534304476,0.0114665815326135,0.00292999122074097,-0.00713309848600059,-0.0236965862477636,-0.00266238923490504,-0.0110172801780023,-0.00814769521202828,-0.0113376503604045,0.0175390910726961,0.00105318598465864,0.0178919740165359,-0.0062820995071738,0.101158149686748,0.0390516835938347,-0.0104649777756945,-0.00294199711265591,-0.0320579788873746,0.0138366256103336,-0.00119392439396304,0.0060750173028818,-0.00790577471562522,0.074107972153722,0.00262123347987429,0.0190777730888326,0,-0.106897794976713,-0.0540672212702758,-0.159064694629688,-0.170625517030763,-0.136336443552131,-0.0870113769896298,-0.0568873744020515,-0.0309622256039668,-0.0221129018875476
"12-05",-0.0640807653661112,-0.115952975380767,-0.0646993080718203,-0.011126429009167,-0.0566040012797792,-0.0117719329207424,-0.112969408667598,-0.0965423208993551,-0.0369307402870795,-0.0653132582164274,-0.0809066676167873,-0.0654777491567061,0.00559283663510605,-0.0588405000229335,-0.192536580888655,0.0455154950825654,0.338552536934584,0.0629524779819363,0.0457702818012684,0.0141375285077403,-0.0192289289680946,0.0963943423950001,0.0432525589446181,0.0672808757125022,-0.0676223652103732,0.133531392624523,0.0372554324683274,0.0184512755477201,0,0.220061884776802,0.0540672212702758,0,-0.0976384695639159,-0.157903029445809,-0.167054084663166,-0.130053128248198,-0.0818787737631095,-0.0480387466106346
"12-06",0.0385146009852944,0.0414725595216733,0.0387927197835221,0.0951520583344194,0.0191825560969593,0.0357483604984135,0.0469783670744267,0.0487833431917231,0.0555479046255411,0.033156025336787,0.0479523170360413,0.0321157408171794,0.0402891006442134,0.00127510377493239,-0.0172538670511654,-0.0151667907879055,-0.342642522186109,-0.00347826437632492,-0.0154830494514026,-0.00242111835531639,0.0192289289680947,-0.0644989073487052,-0.0334603865836748,-0.023753591033216,0.0242901044065234,0,-0.0800427076735364,0.0148955616183538,0,0.0122700925918142,0,0,0,-0.0680534632450158,-0.113659318472521,-0.105360515657826,-0.0817506500186925,-0.0611758152575308
"12-07",0.00993411873245812,0.00132250278838808,0.0125188848626274,0.0158118569595084,-0.00549674879605368,0.024432908373189,0.0482373960479343,0.00136498723940525,0.00994768709684,0.00391748922878568,-0.0128337600488281,0.0182797100835948,0.0248307457227841,0.0333651436315698,0.0351237583807319,0.00185057563353772,0.102839776860808,0.0208854010583763,-0.0174227333268802,0.00125845541227092,-0.0216587530422773,-0.0108030543214882,-0.00959750965770232,0.0278633266029004,-0.028261097103892,0,-0.0123712918025469,0.00770850774702609,0,0.181643820407457,0,-0.148420005118273,-0.167054084663166,-0.135545491996224,-0.0971637484536479,-0.0571584138399486,-0.0415938972988371,0.0207796135234966
"12-08",0.00629592202403221,0.00746111457784969,0.0195706098725602,-0.0151338469323495,0.0451304246310795,-0.00478269515855971,0.0266344299249026,0.0335375818396645,0.0116539134515977,0.0152419831655677,0.0229831611111908,0.0411774937610856,-0.0422846094228584,0.0213390203353989,0.0909865867680378,-0.0134864337918543,-0.0802628410752664,-0.0104374339670212,-0.0152951261058188,-0.00198278504540079,0.00255754615111719,-0.00202210805688484,0.00258894673802819,-0.0214527114061731,0.0211312245488105,-0.207639364778244,0.0272868225589944,0.00292035667023031,-0.0122700925918144,-0.0380011181786139,-0.0540672212702758,0.0769610411361284,0.114410351177744,0.135545491996224,0.151230969723923,0.0935260580108234,0.0671894444878008,-0.00978226364854277
"12-09",0.0261090216391439,0.0237078104294615,0.023947118873094,0.0536569791150199,0.0303430261057662,0.017414373720184,0.0306831156071543,0.0321154574322945,0.0373818123562225,0.0111162482419769,0.0369727272963229,0.0152117835548497,0.0116251619801383,0.0717137430406846,-0.0454888918900999,-0.0119925564984692,-0.104915407075779,-0.00118290713187142,-0.00253820127131342,-0.0100687929133114,-0.00486494366247767,-0.0288951302538517,-0.0195959772766631,-0.0154125293077467,0.0218613723138998,0.074107972153722,0.0524366512730439,-0.00239378560561381,-0.037740327982847,0.00351494210744459,0,-0.0377403279828471,-0.084557388028063,-0.0579872576503493,-0.0176995770994007,0.023530497410194,0.0389429739486073,0.0740566807063872
"12-10",-0.0256798059440338,0.0208207217163705,-0.0199878425232529,-0.108326777506875,-0.0155076436116058,-0.0123563858098255,-0.0205000111890254,0.0196892242997767,-0.00224599651254112,-0.00109573239215329,-0.0211461160066779,-0.0656853238257725,0.0139179049478388,-0.036014180745461,-0.0667250423281292,0.00589480234132804,0.167591863648969,0.00103512024029956,0.0158341263913923,-0.00760265600936164,0.0255936939488978,0.0173178847407141,-0.019115864314768,-0.00951319236956535,0.00790272959255405,0.133531392624523,0.0534620775301749,-0.00269119421098806,0,0.152645788647838,0,0.074107972153722,0.084557388028063,0.0579872576503493,0.0264332570681554,0.017291497110061,0.00692044284457376,-0.00318393449452734
"12-11",-0.00542684828254429,0.0187467142901216,0.00284267279181408,0.0585028389215153,0.0311991830921344,0.0182000348308966,-0.0123078322471534,-0.0088439126331,0.00523239084719609,0.0173873557554943,0.0184249231588621,0.00896553537469362,-0.0437624921519345,0.00594851228117381,0.0264362823397619,0.00222018357246217,-0.158731046180838,0.0396033983576964,-0.00632373500079172,-0.00171698654952719,0.0320066710412583,-0.013120842881684,-0.00775354725993606,-0.0050605760757533,0.00400493449664826,0,0.00120992150271337,-3.47276484207575e-05,-0.0129034048359078,0.0641619442172861,0,-0.0363676441708748,-0.0273989741881145,-0.0579872576503493,-0.0628009012390302,-0.0588405000229335,-0.0350913198112702,-0.0444883551774044
"12-12",0.00601309441583587,0.0364171294380064,0.00704336761174941,-0.00865087847842726,0.00449876214141021,-0.0209844783321428,0.0101357817811867,0.0454431036090071,-0.00360059491872163,0.0278344822807923,0.0314313214461218,-0.00392203857075022,-0.00016612454727733,-0.0378849934442205,0.0364846143214357,0.00210380286070086,0.127051717641874,-0.0308722887889859,0.00271507029876953,0.000578006855839923,0.0484785783682994,0.00358570123681085,-0.0172592501412732,-0.0118357427041654,0.0134373681666941,0,-0.126130963015033,-0.000639204073761892,0.0256424306133377,-0.0581559201570741,-0.117783035656383,-0.0377403279828471,-0.0281708769666963,0.0438026226583928,0.0452565915881206,0.0415490029128725,0.0281708769666964,0.0325662436443131
"13-01",0.0561206291137149,0.125092643432977,0.0491977920489253,0.0785100364033599,0.0551537386158183,0.0549110489935626,0.079762666577315,0.0586489077620406,0.0732299169653998,0.0559263883702989,0.0386674565689346,0.0188846916029133,0.0464419753032718,0.00629027085310548,0.0614506156972572,-0.000984671037614466,-0.232622295268754,-0.0297908080549412,0.00340852460328563,-0.00184758300406156,0.052170102861085,-0.0178307231229714,0.0225238517134628,-0.00679529138269823,0.0297369688778836,-0.133531392624522,0.0122700925918142,0.00307416041053204,0.01257878220686,-0.00299850299625656,-0.0645385211375712,0.0377403279828471,0.108213584640233,0.14595391262308,0.140146631743242,0.104778951233177,0.0671393028376285,0.0108928126012376
"13-02",0.0138930777528902,0.111485610417946,0.0109999275518657,-0.012061114505843,0.0158325856720919,0.0325537532641347,0.00438611113092016,0.0120104807534935,0.0125062392339349,0.0219625881253689,-0.0136758497401335,0.00779277079181266,0.0229707162620888,-0.0511518638964724,-0.0592750464719225,0.030139552204509,0.0826250202770093,-0.00544877994060317,0.0289989745294479,0.000434087097548574,0.0117622789324744,0.00348055475775347,-0.00327905385547952,0.026373008240479,-0.0378847390619762,0.0689928714869514,0.0502086955827462,0.00585839326655023,-0.0382212128201977,0,0.0645385211375712,0,0.02531780798429,0.0482021018178777,0.0377403279828471,0.0359936026479055,0.0288019909037062,0.000891903706452175
"13-03",0.036608666711308,0.024044915432729,0.0353552938799729,0.0616449197488584,0.0428281388574749,0.0480895923366254,0.0251089551925565,0.0380065958728719,0.060261263705432,0.0234293443921412,0.0218785175335535,0.0254502783937736,0.0522976161684242,0.00720216045703818,0.055067538597157,0.00634899369906195,-0.199882983723902,0.0196865626033754,-0.0128175523203764,-0.00112580024113549,0.0178135411096898,-0.0349658408286255,0.0266192027069466,0.0140397966674826,-0.0182868411351587,-0.0689928714869513,0.0128042722459877,0.0191305910701044,-0.0263173083173734,0.134656885146257,-0.0645385211375712,-0.0377403279828471,-0.0253178079842899,-0.0359320092260633,-0.0224728558520586,-0.010152371464018,-0.00315956029036848,-0.0520122570287906
"13-04",0.0177621761672294,-0.0913551976556944,0.017924165914605,0.0576755767416013,0.0299250398501828,0.0289943098851697,-0.0131998638187141,0.0265526841685032,0.0295906177891615,-0.00745137882439692,0.00939922615465075,0.0173575770539833,0.0578829420700777,-0.0844335083930284,-0.0422198585033277,-0.00876412014025418,0.0625680771502724,-0.00846829469085914,-0.00820689829030192,-0.00801361425546021,0.0365499595770317,-0.0169503894858859,-0.0104938063925339,-0.0181183683833445,0.0250685945628573,0.0689928714869514,-0.0283890032626859,0.0201698640583219,0.0132452267500205,0.0902868466721005,-0.22314355131421,-0.122602322092332,-0.137201121513485,-0.144039370222938,-0.137869794223121,-0.107630664192365,-0.0755696045698448,-0.0580001885783287
"13-05",0.0184125778441437,0.0650048502020746,0.0205502024207271,0.0484255443374627,0.027275322346143,-0.0219786733534202,0.0280928528843312,0.05917657120986,0.0163455664526349,0.0489626544488573,0.0187857677572431,0.0275394816767249,-0.0948761444111827,-0.0433644077817112,-0.0139348730689316,0.0237983945114279,0.186995037197899,0.0595705986186707,0.0259703948443016,-0.00499240793973732,0.0333784452321078,0.0519397064217043,0.024942347138016,0.0301913720932322,-0.0137637896941145,-0.310154928303839,0.100768838190653,0.0189785904213531,-0.0132452267500206,-0.0316713438376514,0,0.083381608939051,0.162518929497775,0.168136921801998,0.130265194837902,0.0922061938667336,0.0596203031621666,0.00380824464403356
"13-06",-0.0137200376192942,0.0454622702193818,-0.0151129288113785,-0.062669733621111,0.00817569917130019,-0.00302796082209594,-0.0229284478332204,-0.0158304793035524,-0.00593027464844017,-0.0155610863962624,-0.0419698837694233,-0.0293442501209477,0.00890584925175277,-0.158740764436867,0.0470637598710072,0.00257240263824816,0.0337788447609928,0.0396429993590443,0.016882895007346,0.000554134016819765,-0.0161971147433129,0.0165612439660656,0.0106659927214884,-0.0139759538559738,0.00169243828381427,-0.200670695462151,-0.00474496738422586,0.01653718512429,0,-0.0533798887805041,0.154150679827258,0.27763173659828,0.371563556432483,0.356674943938732,0.266466233301508,0.17538912001831,0.0891527054309729,-0.0348800361873456
"13-07",0.0388050452811446,-0.0119651597575183,0.0482777279585399,0.161794763685447,0.0513198562582394,0.0424442111546849,0.0512804542559086,0.05208985957274,0.0691752151237569,0.0574190001852855,0.0540537165443714,0.0365895769576986,0.0424042610648464,0.101279897070768,0.0868211001362348,-0.0160872735187652,-0.225964846525861,0.0404830922522564,-0.0217316244448008,-0.00146749524941825,-0.00870627082674308,-0.0104838577983481,-0.0165985145614253,-0.0177222530934608,0.0206914425941081,0,0.011820468600426,0.0118058824155603,-0.0270286723879194,-0.0563907773548749,-0.154150679827258,0.0298529631496811,0.0984400728132527,0.154150679827258,0.151641268221833,0.114880275998422,0.0599323407226739,-0.0134606204851614
"13-08",-0.0454867862019866,-0.0816387520222711,-0.0317982675780753,-0.0273762138979724,-0.0288786820465811,-0.0464855684263835,-0.0103662169916604,-0.0526040743716419,-0.035917912519593,-0.0251136392229712,-0.00123612191738912,-0.0104546481329847,-0.0512129611418138,0.0449740836469379,0.0270337469072355,0.00883846031202176,0.234822300359922,0.0351348217144852,0.0256239728345831,-0.00148599356198046,-0.00132268422396952,0.0365412421420201,-0.0118635132128053,0.00311878512733028,-0.0064959817521869,-0.117783035656383,-0.0358890191209459,0.00696200164459682,-0.0137933221323358,-0.0539137646598312,0.0800427076735366,0.0571584138399484,0.0896121586896871,0.0822380982369722,0.0773332034031703,0.0601685214664529,0.0407111850570136,0.0396860213893441
"13-09",0.0213341567273461,0.0768527876489758,0.0293155912868365,0.0817433725489354,0.0528161497655465,0.0136103660908502,0.0209176448785592,0.0287101761563778,0.0315690977275376,0.0570120369887503,0.0433424667065088,0.0250160968929383,0.0114195157871247,-0.0417872780630442,-0.0534500134985529,-0.0239432076864387,-0.0243987110452729,-0.0702867366161732,-0.025915645579833,0.000114385626753719,0.000712431967439619,-0.0136277377518758,-0.0330713909459309,-0.0296414857842913,0.0253651696999295,0,-0.0576600800990812,0.00175487021394764,0,0.053913764659831,-0.0800427076735365,0.105360515657826,0.108213584640233,0.0512932943875505,0.0320393537446169,0.0252265629456756,0.00794706169253194,-0.00376159051553844
"13-10",0.0271295727808115,0.0983915490455373,0.0436299709750403,-0.0820124661143701,0.0448315636209347,0.0621015935823165,0.0411161781461548,0.0326116762198715,0.0421888801002299,0.046520115363219,0.0410412372411311,0.0490279036032166,0.0370360751210493,-0.00149840822191764,-0.0611315400393954,0.00248250322248328,-0.188363871249917,0.0018907001220678,0.0140010977354328,-0.00420818842282281,-0.00193492600722072,-0.0118910193088448,-0.0117143447007623,0.00165773370559775,0.00434959585818191,0.117783035656383,-0.0570825153920354,-0.000714111243772358,0,0.0164387263431599,0,-0.162518929497775,-0.213574100298059,-0.155192889405702,-0.109372557147787,-0.0700101655726489,-0.0294532669134954,0.00609273652899111
"13-11",0.0341875267874193,0.103411201855508,0.0276632900337849,0.092257197373412,0.0339544239128621,0.0154639649556455,0.00057860626471409,0.043288436346031,0.0461064307495581,0.0359562791715293,0.0129385873111536,0.0304382021280094,-0.0195291678405418,-0.0686582106625704,-0.0396154322326861,0.0108929054779937,-0.00364299127850109,0.0487152044602405,0.0159805550536234,-0.000344643666481044,0.0433875081135914,0.00854067733385359,-0.00289815598942944,-0.000994310417222555,0.000882352998422532,-0.117783035656383,0.0256251378028232,-0.00117877220711824,-0.0425596144187959,-0.0109290705321903,0,-0.125163142954006,-0.0826917158451134,0,0.0394139685408766,0.0374575625349004,0.0320883145515004,-0.0185475370465505
"13-12",0.0300208657276763,0.0162449873700136,0.0232894740668829,-0.00131627071426397,0.0225678919365127,0.00687879937214806,0.0283084711812218,0.0233231710551045,0.00736173796846037,0.0413135923033684,0.0478008531527702,0.0347456864782575,0.00905760626066086,-0.0357655367768692,0.0589516306849235,-0.000838868403967019,0.00145878946366009,0.0112028092177379,0.00376754707682878,-0.00633960907711975,0.026963597877582,-0.000992025721402882,-0.00237575892265981,-0.0159325970703609,0.012634822088897,0.117783035656383,0.0939777345705464,-0.000495750051727286,-0.0294138852062933,0.152579587595217,0.0800427076735366,0.125163142954006,0.17366349405084,0.142614107198842,0.101003210288871,0.0640788566845224,0.023408090898015,0.0201952451936575
"14-01",-0.0544082206229058,-0.0423412205337859,-0.0362314074850156,0.14296280997694,-0.061878647778491,-0.0530339077104398,-0.0597069644742294,-0.0372831794046371,0.00933574521524231,-0.0436083412679795,-0.0483143740936709,-0.0260787794686307,0.029325915663622,0.0367688477870891,-0.00633560263530985,0.0188900620245701,0.294039372947247,0.021289882986521,0.0440470226107294,0.000875114605040917,-0.0286243221395049,0.0196933395601758,0.0235166132457774,0.0164851137980472,-0.0204560085673821,-0.251314428280906,-0.015883046173003,0.000583578860887818,-0.0150378773645406,0.10512463878446,-0.0800427076735365,0.137201121513485,0.122602322092332,0.0433504408736136,0,-0.0138891121606672,-0.0313341561704355,0.0105562786130875
"14-02",0.038908662194923,0.00627156204921324,0.042213374879041,0.0861231712414772,0.0620280838881656,0.0382672648761341,0.0499430537177008,0.0299366439540419,0.0603301967759425,0.0397739424317707,0.06675019907561,0.0430023781181053,0.033944189161518,0.063146156338896,0.0531981934201891,-0.0136909785226517,-0.273836665629728,-0.0335212784176038,-0.00369519594905791,0.014061425739483,-0.00195733082650616,-0.0100061021429834,-0.0133716123635564,-0.0270982878232028,0.0224135948369,0,0.00491401480242894,0.00316921742641816,0.0150378773645405,0.242071561199729,0,-0.167054084663166,-0.122602322092333,-0.0820649530543042,-0.0630839754265769,-0.0538729899401516,-0.0296118540466445,-0.0197023999490742
"14-03",0.00829489886513095,-0.0352101504551371,0.00690824861534687,-0.132699049556409,-0.0290967646265848,0.0217017614573552,0.0208654364818623,0.0336140806655416,-0.0126636565210199,0.00951036049953764,0.00821617643601077,0.0043019089137952,0.0329592474002566,-0.0257475842416627,-0.0128150445378995,0.00114516513271795,-0.00860837453660016,-0.033530488397744,-0.00198843160238093,0.0115847653569846,0.00877797502151562,-0.0128989859913032,-0.00127659991242154,0.00339943670146401,-0.00210274521882195,0.133531392624523,-0.0198026272961796,0.00820815080912811,0,-0.202524264111474,0.0800427076735366,0.192371892647456,0.172612742666994,0.0759859069779221,0.0365337433324561,0.00368324541629659,-0.0109891215755952,-0.0723799855573156
"14-04",0.00745678954986202,-0.00108306473410505,0.00618164317838415,-0.101484374203776,-0.0136903320062262,0.0270345560574989,0.051214671897768,-0.0171564606449248,-0.00634602366259893,0.0132880157361422,0.00821460449344844,0.00274702823476089,0.0413425891580251,-0.00154679071829868,-0.0148782748490451,-0.0075650807260688,-0.0344482577850714,-0.00855010552491288,-0.00881463292798668,0.00684544374874367,-0.00819037339849749,0.00210409611092131,-0.030324135188146,-0.00453515516539126,0.00672769926427835,0.117783035656383,0.0499799323050208,0.0109672270801518,-0.0615578929994334,-0.0502197569790265,-0.167054084663166,0.0487901641694318,0.0706175672139534,0.0359320092260634,0.017778246021284,-0.00368324541629652,-0.028013036227674,0.00353160006605757
"14-05",0.00818852308379545,0.0267396185090197,0.0208121959543155,0.0273549374290252,0.0284143629390272,0.0179217800232002,0.0166098270144093,0.0149154593307179,0.0283285970966026,0.019051519959007,0.0291497054346875,0.0368967190789902,-0.0109367857261174,-0.0298529631496812,0.0327350209719643,0.00526297332121398,-0.162387341893137,0.000223588597912954,-0.00815657732011708,-0.00191904874106418,-0.00362905601565771,-0.0171912960301829,-0.0122252697630022,0.0162311949285826,-0.0167215819114241,0,-0.0265075761198785,0.0104537266601096,0,-0.0173164500114609,-0.0953101798043248,-0.0741079721537218,-0.0584962066816086,-0.0668942348300301,-0.0683637428093902,-0.0569413764001383,-0.0376310682176468,0.0320805265242517
"14-06",0.00652463263432994,0.0228657690550684,0.0188789966247044,0.163944826091392,0.0192073949316079,-0.00253257463481711,0.0536624015594156,0.0248308644155724,0.0209964074473906,0.00473107450699765,0.0160245464670116,0.0185168450043115,0.0434572204888862,0.0459761531099302,0.0254942914430499,-0.00970284184421031,0.0148021858051354,-0.0150920760705598,-0.0177324425384367,-0.00698758736383866,-0.00482640680797411,0.00843984878161666,-0.0085634658854493,-0.00853362465867829,0.00365898688504148,0.105360515657826,0.00729930248161154,0.00920935898205878,-0.0322608622182214,0.00218102594636015,0,0.143100843640673,0.0809690625336673,0.0550597771830274,0.0324854551444883,0.0155041865359653,0.00881062968215491,-0.0102073196354512
"14-07",-0.0157715631251298,0.0884129384122512,-0.0151946873705358,-0.0519119023603965,-0.0128179598316146,-0.0337314196986107,-0.0352802252331847,-0.0146179654196309,0.00131406402605975,-0.0421251116256747,-0.0201450664372211,0.0168070487977695,-0.0704304134836723,-0.013803900169158,-0.0767875858306006,0.0195404291868993,0.381852292620874,0.0297835366922985,0.019754873821646,-0.00483143466868488,0.0144098949804779,0.0204154916475274,0.0158387109821777,0.0242854755831464,-0.0221574795972764,-0.105360515657826,-0.00852104973193398,0.00551269642966932,0.0162605208717803,-0.125163142954006,0.0953101798043247,0.125163142954006,0.0749013081731177,0.0118344576470028,-0.00917437627604127,-0.0233473639969912,-0.0266682470821613,0.0419505465781594
"14-08",0.0317984116586758,0.0298880513742293,0.0369636443211684,0.102311820183011,0.0435079812550092,0.0450965382780557,0.0216008110433977,0.0415178512995239,0.0472959699816435,0.0413851964570848,0.0379153596948772,0.032293618043471,0.0480395622835577,-0.00716848947861252,-0.00377378182580075,0.00994054603974602,-0.347029241139156,-0.0139763128685578,-0.0028509698806645,-0.0049851118526856,0.0120920457650288,-0.0127729251167348,-0.0136169815635149,0.00963862883776879,-0.0180864010793077,0,0.00852104973193405,0.00188855211398978,0,-0.0351795071211733,0,-0.0816780310142672,-0.0421114853501268,-0.0420482362434995,-0.0423592738391415,-0.0483965408618502,-0.0398214941866716,-0.015804964147422
"14-09",-0.00325412141111309,-0.0209526624797869,-0.0156354360784838,-0.0270118215636061,-0.0281057793402116,0.00585865161768933,-0.0806797702091258,-0.00306856102203533,0.00433793699060132,-0.0115244606203817,-0.0141532394048471,-0.00519000697738069,-0.0188968751679902,-0.0607218460642389,-0.0708119902641661,0.0389604467625524,0.308539823945619,0.089807458350831,0.0316364475866316,-0.000814265984245913,0.0529937708345297,0.027024591475672,0.0393591704171506,0.0405865187927899,-0.0405051879280284,0,0.0251359732715422,-0.0012187837570342,-0.0495969411393721,0.0025542798050967,0,0.192903666124491,0.121360857004267,0.082399531767067,0.0651393021709614,0.0444517625708338,0.0185763855729352,-0.0186860117511759
"14-10",0.0201915354474993,0.0196083312405701,0.0229363989464224,0.0942780706562311,0.0209221817625758,0.0348544527810169,-0.0359510560712591,0.0285065370823571,0.0512383872564359,0.0380258852019134,-0.0242893659660903,0.0159130584683482,0.0772423112030763,-0.0308426839162597,-0.124096109789358,0.00960765096412743,-0.150580522518553,0.00208082655304337,0.00578319152648813,-0.00417946144857929,0.0219174500571017,0.004124943138674,0.0174095635226364,0.0071961514064938,-0.00779080178776833,0,0.026823765659169,-0.0019627326573281,-0.0344861760711693,-0.0363676441708748,-0.0953101798043248,-0.23638877806423,-0.176623535679317,-0.132724615654582,-0.114410351177744,-0.0953101798043249,-0.0698696799604859,-0.0198008932142073
"14-11",0.0248584868018362,0.0374323121389467,0.0242374736746255,0.0479588571499307,0.0530462598271956,0.0539658211854139,-0.0909501528724389,0.023218310234433,0.0341937921042803,0.0303270403184792,0.0155804628821033,0.0469795796669743,0.0115885643560052,0.00954306892431321,-0.199884548163869,0.0183048260805325,-0.0511807599237522,0.047168229827552,0.0135696857058917,0.0049774486091327,0.0572971815826183,0.0320059431771852,0.0356904520351824,0.00363052107708627,-0.00736946622627926,0,0.0216286177267779,-0.00147458171983547,0.017391742711869,0.0861291537299387,0.262364264467491,0.163629423781802,0.0870113769896297,0.0441712183131375,0.0249389483472519,0.0129591446425053,0,-0.00366210964017037
"14-12",-0.000290031420233484,0.0689441515196625,-0.00419738458457171,0.0441369570312578,0.00886304714155903,-0.00939409330473181,-0.00210445305285294,0.0197157316462611,-0.014137076918106,-0.000223336547329039,-0.00559517576716329,-0.0219964391788522,0.0350471808688229,0.0123756167833331,-0.209998600172531,0.0201234915088815,0.364893144843119,0.0322503706674682,0.0151998409909987,0.00999400907874946,0.00964165926477085,0.0578445913793987,-0.0192202743708023,0.0281766292338085,-0.0274682088657822,0.287682072451781,0.0526437334854219,-0.00115240577432435,-0.0350913198112702,-0.168820869575052,0.479573080261886,0.18859116980755,0.099090902644231,0.0122700925918142,-0.0249389483472521,-0.0528757520479478,-0.071580803762984,-0.0404936389676155
"15-01",-0.0376241715421519,-0.0504597933826065,-0.0315327792169493,0.0683492964809472,-0.030395137026352,-0.00974010994040206,-0.0466766006791414,-0.0720881926742316,0.0129315132943142,-0.036171344400343,-0.0184902101425957,-0.0356960785581323,0.0230279766194448,0.0521892864460755,-0.111930224880987,0.0522374768626189,0.0881825658800928,0.0104858092928342,0.0917697417552867,0.00721050811129211,-0.0203133960141879,0.0171403961065017,0.012217773234445,-0.0756733664179432,-0.0693707156543448,-0.0870113769896297,0.0469569830877711,-0.00124392700307892,0.0176995770994011,-0.151758906383788,-0.0487901641694319,-0.151549898127201,-0.163629423781802,-0.179885501996073,-0.17027321827778,-0.161720738687804,-0.140115361710875,-0.100421075651372
"15-02",0.0548474241120083,0.095310332172877,0.053438876443109,0.0723494784467232,0.0819860294899959,0.0406053717719507,0.0449062578377679,0.0566030727316164,0.0419821357028192,0.0521268384401841,0.0766660075540189,0.0769148670556467,-0.0660849747568309,-0.0474060809034936,0.0420014618891309,0.000595625848585268,-0.452325804426351,0.0640308111548222,-0.0166525139034502,0.00319514610031595,0.0192281181182928,-0.00440823583215023,-0.00331073569374468,0.0323694339571044,-0.00827149288351077,0,-0.0279087881170764,0.00232434631082781,-0.0357180826020792,-0.0409613576310654,0.0953101798043247,0.119801199812621,0.0953101798043247,0.0704516609506113,0.069391993424,0.0518250678645862,0.043744548962857,-0.0175198897128603
"15-03",-0.0198609545636997,0.0184568793538524,-0.0175491972299508,0.0525027431549417,-0.00483770811974455,-0.0196259357241085,-0.0116201878586804,-0.0053308830336188,0.00639190411257061,-0.0257952557366572,-0.0502960150905369,-0.0349496183949389,-0.0100047338793048,-0.0216009237603844,-0.0434672772494824,0.0261883281546217,0.136431979453493,0.106781687158637,0.0138962811076565,-0.0113086179286731,0.00200267089631007,0.0202763373800378,0.00639390683788264,0.0207029500928224,-0.0415776906621499,0,-0.025479085300985,0.00872648103707604,0,-0.0140353181163835,0.127833371509885,0.0317486983145803,0.0298529631496811,0.0334479340675401,0.0275499517682306,0.0298529631496811,0.0230779472825447,0.0360646571319695
"15-04",0.00361629115957602,-0.0464077404004783,0.00848472245300577,-0.0888434102318033,-0.000531151420924435,-0.00762039555006335,0.0636678956240096,0.000829200035504022,-0.010956454069568,-0.00251351599329398,0.0330675813830731,0.0271381330835367,-0.00473756766250928,0.0210198421020632,0.22264049102021,-0.0336952230567561,-0.0496080263234694,-0.0555949747314043,-0.0455779170877717,0.000451583776463524,-0.000833958850769051,0.00917392699322018,-0.0283568635130019,-0.0315892807198542,0.0384469577503318,0.0870113769896297,0.0307064887361367,0.0111359000968351,-0.0183491386681964,-0.0809264903205443,-0.083381608939051,-0.169899036795397,-0.159064694629687,-0.118605742407847,-0.0850370426859122,-0.0502618347808883,-0.0153259704782268,0.0170959120164492
"15-05",0.00949264056773952,0.0621837988861524,0.0104367297631427,0.143507996422392,0.0130599392007425,0.00864568113241738,-0.0532813499291039,0.019290576302302,0.0440577025509381,0.0032304065153992,0.0037613307043341,0.0183831974629123,0.00631192342051282,-0.0116091001876067,0.0105114841208391,0.020181540837287,-0.0500280434279781,0.0559717526566757,0.0284780452216679,-0.000612913130689227,0.0337958672437341,-0.00108602710134242,0.0322132452801158,-0.000637822919465135,-0.0151654829277733,0,-0.0557486247683017,0.0110132563212636,0.0183491386681964,0.0879687729459572,0.0425596144187959,0.121889817609037,0.119059360015988,0.1316778239752,0.132791473981812,0.125769387289034,0.133531392624523,0.0409705684142047
"15-06",-0.0219581044631291,-0.0534908068206284,-0.0212355592764321,0.0591404709529792,0.00552913288185633,-0.0185169318456865,-0.0354584460668908,-0.00360358125247687,-0.00351882003533889,-0.0263553770182281,-0.040303221865906,-0.0420005281234262,-0.0617137742628875,-0.0130212375005682,-0.0128624507788101,-0.011150389578389,0.275505638501048,-0.0237936289460832,0.000561369756913415,0.00032263268548935,-0.0152798811571144,0.0206968333041974,0.00479965753883936,-0.00618668639958872,0.0144485085288933,0.0800427076735366,0.0578319588551558,0.00926366781915037,-0.0370412716803491,-0.0248680665780135,0.154150679827258,0.123232640423948,0.0878613557913343,0.0870113769896297,0.0844173418125832,0.0702042586732484,0.0494334578551737,-0.0761867373005642
"15-07",0.00398478325088602,0.0444785071437844,0.0195496832464929,0.012606578827703,0.0477435646927063,0.0553711327775291,-0.0800206695906967,0.0334774359337575,0.0287417392824555,0.00240059591272874,-0.0517391928994497,0.0281038397687793,0.0592334797306854,-0.0842608112353381,-0.233154828880005,0.0231465169001978,-0.408211608049403,0.0912512881706792,0.0449919141400389,0.00156329354867165,0.0149571964173024,0.023357659444467,0.0372104904594814,0.0305576404743906,-0.0113606848058116,0,-0.0317151316932255,0.00599860452733197,-0.0190481949706944,0.0213531244705691,0.0689928714869514,-0.0294138852062932,-0.0380998462322704,-0.0302137785964966,-0.0289875368732523,-0.0170944333593002,-0.012945164592037,-0.0666800214958242
"15-08",-0.0610012856070082,0.00897391408485603,-0.0561976524400498,-0.109091114131348,-0.0598456843664896,-0.0545309941964199,-0.0538909427713727,-0.0647234616996095,-0.0645820267178444,-0.046625482775756,-0.0524967706505055,-0.0476168360598499,-0.0192801724624579,0.0412200450038658,-0.0393990351438272,-0.00161574669240044,0.765160787558208,0.0531432167112145,0.016796898801195,0.0284651760204888,-0.0213658947135812,0.0437937279583,0.0181409126745058,-0.0014539414753629,0.0129731549213799,0.074107972153722,-0.0129731549213799,0.00255740714315651,-0.0194180858571017,-0.0249567319738675,0.236388778064231,0.0438026226583928,0,-0.0567975983931331,-0.0658465657975866,-0.0668400181258503,-0.0708559367673446,-0.0622741695966177
"15-09",-0.021764291759716,0.0399344761702888,-0.0352258097231452,-0.203658814350038,-0.0138630594401107,-0.00264378067396232,-0.0640461410458605,-0.0358822581418732,-0.0771367967917053,-0.0312159491219366,-0.0818847527829899,-0.0229578112292104,0.0126347556163473,-0.00266904073037756,-0.00509132256402403,0.00360245121069416,-0.0613446506486946,0.0958715953955713,0.00960103384715219,-0.00524144758813143,-0.0125245281685726,0.00700757069159288,0.00311978439932668,0.0155713380794365,-0.000895495716688448,0,-0.0524966984467075,0.000656889509105167,-0.0198026272961796,-0.0405211974056394,-0.0266682470821613,0.0141846349919564,-0.0196084713883763,-0.0330062964681701,-0.0158314652166806,0,0.0309835455199674,0.0173912383123705
"15-10",0.0812766113910237,0.0820455502879812,0.0797193794951317,0.0681569023449587,0.086775588284684,0.0550145592312437,0.105638374234013,0.060780422809109,0.0743236501357494,0.0841511142015711,0.125236509980713,0.0999026208095811,0.0105699046243056,0.022245163512922,0.0336056061275018,-0.0029619373834362,-0.485967104912277,-0.0285942577042844,-0.023718915392937,-0.0059336116521815,0.00740097345167807,-0.0220183598977201,-0.0379552853120473,0.00865982692648734,-0.010808968504389,-0.154150679827258,0.031605339415331,6.85201363819071e-05,0,-0.128175193423998,-0.352821374622742,-0.103796793681644,-0.0825210236880035,-0.0694723728147674,-0.0659579677917974,-0.0471785602750905,-0.0205486682273877,-0.000222189790203993
"15-11",0.00318680240512922,0.0125313477178396,0.000504741857118555,0.0815309714807876,-0.0023493244494596,-0.00926504440585223,-0.000147102221798329,0.0197374873949837,-0.00322912667220041,0.00862304328262791,0.00988921613984536,0.00707658751850007,-0.0214862739074027,-0.0836468131952393,-0.142028457478921,0.0302687955131754,0.0679748794987133,0.0140274319309,0.0189299209064722,0.0110654899258724,0.0206632474829388,0.00425590355787974,0.00776460411994737,0.0421114853501268,-0.0444435295771115,0,0.0143411172706578,0.000576525167592073,0,-0.11298686339289,0.613104472886409,0.318453731118535,0.25489224962879,0.183519879286063,0.137783702363053,0.0878162060069168,0.0473061173969368,-0.083152176915436
"15-12",-0.0167817521846765,-0.00326833550438002,-0.0176856585364418,-0.0271795901243174,-0.0288409347941677,0.0287569719486887,-0.111117101006915,-0.0224873663898382,0.0170792291659599,-0.0260660832496229,-0.0443706698480476,-0.0210333325776559,0.020976354775496,0.00623260906082878,-0.0851468154636907,-0.0042943422267685,0.121290001602399,0.015552333831971,0.0373235327982999,0.0139127542403098,-0.0242321602638994,0.0351858284934169,0.017139703215946,-0.0261111440036858,0.0277315749500221,0.693147180559945,0.0141383540512109,-0.000114137010190822,0,-0.0796440630599254,0.303186258987746,0.107630664192365,0.0645385211375712,0.0178046246335067,0.00985229644301164,-0.00888894741724582,-0.0200006667066694,-0.0341331786061361
"16-01",-0.0565918102380095,0.0637644807048559,-0.0520676172275355,-0.328385162316423,-0.0532075587676744,0.00533316118357054,-0.0356064511362584,-0.0927118966009883,-0.0803320178981989,-0.0586573590075511,-0.113273157186389,-0.037829824050676,0.0482617487152295,0.0465799209844587,-0.0981150794263289,0.0118911779606493,0.103711710667642,0.0192859636438624,0.016838430300564,0.0149240493060777,0.00646446806154212,0.057407163229453,0.0342823468352914,0.0206498470281802,-0.00248951306484432,0.348306694268216,-0.00650056460309332,-0.000450968591116158,-0.0202027073175194,0.166655440049555,-0.185403223331363,-0.0851578083403068,-0.115831815525122,-0.111917916203985,-0.0977641687658916,-0.0693117998902291,-0.0377403279828471,-0.0366746810063271
"16-02",0.00304401316824694,0.0205930269071213,-0.00413690563679079,-0.0538474528298595,0.00444286337398152,0.00314721475287333,-0.0284017257256382,-0.0294343865169532,-0.00361715333654723,0.041725582022739,0.0752495980487307,-0.00656872687099343,0.019189457165871,0.103413253014353,-0.027712616819671,-0.0229562107059086,0.0171783365350846,-0.0142472811774703,-0.0400111348758709,-0.00345833963672883,-0.0697012122284511,-0.00791106293868354,0.0229164526063879,-0.0263564250613006,0.00331797539418219,0.111225635110224,-0.00326619778662107,0.00139791134902616,0,-0.136040804229948,-0.0186921330121525,-0.209350229181874,-0.23638877806423,-0.21985947611302,-0.189917903685889,-0.160550701672726,-0.0876473070587557,0.0279678345498587
"16-03",0.0683620304634005,0.0515001727376205,0.0639049904156355,0.0767622293371672,0.0648276682445005,0.0462935630392803,0.0968238638267142,0.0714294772395613,0.0267102276068023,0.0674079146645054,0.0730070812901911,0.0845454631787426,0.0767328961713156,-0.000445750184667737,0.120697402828105,-0.0381946985711245,-0.387381432674869,-0.114158320943442,-0.0417560943148819,-0.0160766510110972,-0.00426061358168745,-0.0483917379477163,-0.083542107447058,-0.0385863762348817,0.0469130858949894,-0.0540672212702758,-0.00766287274556914,0.00748684217185992,0.0202027073175195,-0.140013230226713,0.219362828474304,0.186877373329815,0.144581228811108,0.123232640423948,0.0935260580108234,0.0599634647675573,0.0226424767497598,0.0743984268189983
"16-04",0.00499454910410381,-0.0729498882940305,0.00269576164816424,0.0430031515768471,0.0012633567144586,-0.0144269976618967,0.0867691208296702,0.0353669523918316,0.0292235440629541,0.0123624571632885,0.0498417704662431,-0.0515778111065492,-0.0244810897180219,0.0326172210071052,0.218911544563942,-0.0196712228550221,0.118181204086888,-0.0272119807178665,-0.0329209132254334,0.0039932570205557,-0.0503480395429293,-0.00139518683252472,0.00458179911903018,0.00156404807442865,0.00446761725971605,0.0273989741881146,-0.0222231367847102,0.0106447760645769,0,0.104203777530002,-0.164303051291276,-0.133531392624523,-0.122602322092332,-0.0909717782057266,-0.0677181740549507,-0.0432499837938165,-0.0226424767497599,-0.0164984618899679
"16-05",0.00076263669009087,0.0673605022011475,0.0152083666453394,0.0736177650992506,0.000504794777972478,0.00685973992406795,-0.00937729032628257,0.0187001679077622,0.0221066130812758,-0.00428259981050019,-0.00340287884193274,0.0477382103015437,0.0149640966642113,-0.0515204474380569,0.0656525154654394,0.0320820324501497,-0.101123221182311,0.043251668484504,0.042742215219095,0.0162410875136232,0.0353815908942454,0.0687291174903251,0.0384946460524944,0.0344084732491049,-0.0271100940094759,0,0.0620776304598928,0.0103497988294436,-0.0618754037180874,0,0.05218575317057,0.0629138254105692,0.0529224014543425,0.0312525435041045,0.0189280098855189,0,0.00380952841666765,-0.0372564175578813
"16-06",0.00799563239518846,-0.0155654564183191,0.000910506484115682,-0.0700106735560408,-0.0114647209838688,0.0522071570160371,0.0268501645577841,-0.031619729231286,0.00905336065541091,0.0071094498433601,-0.00786960612949314,-0.0138665740796237,0.0735037987520711,0.0843229253651679,-0.0170487851280734,-0.00279459893101591,0.096654653261434,-0.119742735842538,-0.00666490382285204,0.00999577343609618,-0.0747819272882633,0.004362382109497,-0.0297400649364748,-0.0143974909151885,-0.00929316021833026,0.0266682470821613,-0.0127525638973912,0.008805622721629,0.0416726964005681,0.299332689671756,-0.0702042586732485,-0.116259806115862,-0.120363682249875,-0.105360515657826,-0.105360515657826,-0.0986306034416274,-0.0708958216330375,-0.0112616349435901
"16-07",0.0276265753696419,0.0899964130013704,0.0349904330502038,0.137798415067928,0.04459677457417,-0.00819315304415271,-0.0126827466998724,0.0339744261255647,0.0475211070682467,0.03560224450921,0.0494681577907592,0.0686084648633191,-0.00669290310881996,0.0117004542967186,-0.150153431224435,-0.00610688075528736,-0.275177935811809,0.0117112998440191,0.00230326397409309,-0.00132500207595605,-0.00438832436639452,0.0143609280668937,-0.0364039068842893,-0.0104712998672954,0.0122524055290161,0.0259754864032607,-0.0381517659643763,0.00616616596950598,0,0.0850790092385759,-0.0755075525081452,-0.0857668217574249,-0.0848994437864862,-0.0893451003358499,-0.0794641713542468,-0.0892311337279426,-0.0940864390846083,0.0469091754584405
"16-08",-0.00170281570377817,0.00633947260060833,-0.00121998701767029,-0.0324193436869236,-0.0130721468968461,-0.00586719358630573,0.0166315093974717,0.0377560551546788,-0.0329847686655072,0.00943156807064576,-0.00267344494665866,0.011558452962817,-0.0570456236556578,-0.0136385498700302,0.0728691557530338,0.00599206360147852,0.122731922921959,0.0027756378652655,0.0062686544241788,0.00608352045574355,0.010306362497306,0.00467961502744591,0.0027727072279992,0.0143445082564003,-0.00197185687267203,0.02531780798429,-0.00222469502211116,0.0035585965580902,0,0,0.111225635110224,0.0993724738132036,0.0732034040232949,0.0545589842504342,0.0512932943875505,0.0392207131532813,0.0133632278121669,-0.0235509084058912
"16-09",-0.00505217366082242,-0.0482686913049106,-0.00123521340639711,0.0986752783952539,-0.00267072968625731,-0.0155733547488162,0.0362111635146453,0.235020943098272,-0.00511636747307341,0.00185151626256232,-0.0116751686755504,0.0207911526106823,0.00360673834662822,0.0101804198263125,0.0658246230287154,-0.00710450286405674,-0.00973425881838186,-0.00110933081757196,-0.000533597603848728,-0.00136369447407775,-0.0212139535670835,0.0254829224756498,-0.0162608146663829,-0.0139317967358908,0.00822020354266173,0,0.015469921772132,0.00163607888584643,0.0202027073175195,0.0585365024525729,0.0344861760711694,0.0397403286495141,0.0571584138399486,0.0432968057533243,0.0419641990990322,0.0438941935572251,0.0390505148718732,-0.00622047559302837
"16-10",-0.00909347327263116,-0.0543058542597125,-0.0196168374213361,-0.166012333723316,-0.0245365484277924,-0.00773505997195274,-0.0285877810381666,0.022542003931573,-0.0681413973707798,-0.0202446823701894,-0.0211647955212386,-0.0075629670172332,0.00894137173010827,-0.0412802163138941,-0.018826574034265,0.0288355381469021,0.249724669338379,-0.024216374033636,0.0217219491775226,0.0156229929583419,0.0374292284998741,-0.0286179711391955,0.0422556009259979,0.0200170082114365,-0.0248661460660816,0,-0.0448505661653518,0.000445245652635912,-0.0202027073175194,-0.00335008688528209,0.112117298120706,0.0870113769896297,0.0953101798043247,0.0735024619929265,0.0662493855412007,0.0767337942313894,0.0618754037180875,0.00191619912684159
"16-11",0.052669285965228,0.00187413008123487,0.0336035453908704,0.109856134589617,0.0468982214383098,-0.0429550198046322,0.0812748398251387,0.131312682480899,0.0204254526773046,0.0869967395290398,0.0660079697818786,0.00168544423017912,-0.0557432349841941,-0.0705524878458127,0.0536288096622083,0.0282814857239797,-0.246719407872916,0.0670662795033588,0.00164007789856877,0.0161383580466808,0.0845496711351414,0.0849758669710899,0.0262805702370905,0.0295882519733084,-0.0356583739801365,0.0246926125903714,0.072960525097245,0.00122611532162874,-0.0631789016215318,-0.155829941346978,0.114410351177744,0.154150679827258,0.208901194598667,0.230986728775236,0.212834181655348,0.1954920199837,0.134530892957606,0.141594615475152
"16-12",0.0328691340212995,0.0508248162626085,0.0180371110586873,-0.0568346885820289,0.000391184967585839,0.0295225312688301,0.017164426074406,0.0368654504920224,0.00714310921176126,0.00305973059988745,0.00176676718250521,0.0223516510292231,0.0478286461452057,-0.0241222009418759,0.0841908341501135,0.00528121373254294,0.0518932644070478,-0.0398329404623767,7.44851216312982e-05,0.00857765968580136,0.0211153570195664,0.00781529779196727,0.0234167700982994,-0.00265395545759338,-0.00246095722877484,0.275411979859967,0.0458413593482413,0.00102422656823103,0.0215062052209637,0.342058843329853,0.161843025450414,0.202524264111474,0.199925261212202,0.20294084399669,0.171031814649354,0.151476881442856,0.0838011013593816,0.0376991578854332
"17-01",0.00512231639376636,0.0496977472696924,0.0177263145946178,0.09209521348507,0.0412738202971534,0.0168747993437196,-0.0326569713789345,0.00257730006688295,0.0226597690397646,0.0184718944115693,0.0444694000658907,0.0349487074876201,0.0124810855995647,0.0336772145478089,-0.0187798946515964,-0.0274644431443608,-0.157837429558242,-0.0329670998988138,-0.0299387343798061,-0.00958053030508194,-0.0353849552649668,0.0105422844781899,-0.0444030515346971,-0.0271365414350009,0.0226750087814376,0.185403223331363,0.00305033281762288,0.00136941464048804,0.0210534091978323,-0.084229734027753,-0.0470675108579859,0.00829880281469506,-0.00673403218134407,-0.0206192872027357,-0.026550232094121,-0.0243914531241591,-0.0293658948043644,0.016506773485515
"17-02",0.0466276961650323,0.00804815581733305,0.0365230009990398,0.0786429609012385,0.01799117886553,0.04662375747154,-0.0210709755425278,0.0514220573821014,0.0614583217054391,0.0383829008034158,0.00556565786966879,0.0443301552649768,0.0513237475679862,0.0433413408231085,0.0234202742080984,0.01203408360289,0.0747035293150328,-0.0125317326844141,0.0165167205653708,-0.00149891247785475,-0.00587242545328629,-0.0410509969257812,-0.0195391681490154,0.013460775822198,-0.0164397500349711,0.0152674721307884,-0.0225882293739633,0.00212348146912123,-0.0210534091978323,-0.146603474191875,-0.0121213605323448,-0.00829880281469507,-0.0067796869853788,-0.0104712998672954,-0.00449438958783922,-0.00412371718386215,0.00330578813449941,0.0318702398603212
"17-03",-0.00718596689506703,-0.0190852652712805,-0.000389272944966988,-0.0121889336239263,0.0211149332714139,-0.00423566566550206,-0.0149714410541195,-0.0300069336368003,-0.00481747463299351,-0.00768503571796102,0.00619942759118409,0.0220163115860079,-0.00135415084606474,-0.00818098884282021,-0.0662189446042262,-0.0031548667020334,-0.0435023119500593,0.0173174164873797,0.00557062566720132,0.00242914510307442,-0.00581735206591331,-0.0602090312265484,-0.0104066993091633,-0.00239760354615424,0.00750613394757854,0.179793110440596,0.00621120009264068,0.00817612420061314,-0.0434851119397389,0.0104712998672954,0.208401269577006,0.0877055804191057,0.0784716154414953,0.0562808358985896,0.0354019270509158,0.0244910200082957,0.0163669774642054,-0.0197671883383491
"17-04",0.0133302521715936,-0.00838635008939571,0.0090501322804595,0.0298361765039329,0.0237077023471839,0.0109330489449789,-0.0299137519112182,-0.00846386554227943,0.0152144151428732,0.0194829456424256,0.012514312194473,0.01987244772136,0.0075720815016398,0.019025401856949,-0.0246382017240134,-0.00257994807377778,-0.133877912986061,0.00843780587037325,0.0257887578011902,0.000987424934293134,0.000269239400325012,0.00556101319240802,0.0173082694012546,-0.00541571878296866,0.0182471602875247,0.130361817863244,0.00103145960666221,0.0107614662510915,-0.0224728558520585,0.0736118173432462,0.0292703823001132,-0.0549157575961148,-0.099090902644231,-0.0992982209822803,-0.0909717782057266,-0.0753494372417868,-0.0465200156348929,-0.0244574472209489
"17-05",0.00324869722918469,-0.0178733186747635,0.0115097592543338,-0.0536241841393193,0.0109326691636119,0.0261148535707879,-0.0360181918749204,-0.0119709014929352,0.00765277316678994,0.0176309423231032,0.00018842725547047,0.0387749761043081,0.0405587903620936,-0.00138375494039054,-0.0209024003505843,-0.0180485185896088,-0.038629390791458,0.0158321218006254,-0.0125889688493011,-0.0117083338710353,-0.00657215960017485,-0.0148450410335783,-0.015430804678044,-0.0264943151325979,0.0308189408454141,0.0110498361865849,0.0010303967938964,0.010568283173499,-0.0229895182246988,0.0160003413464411,0.074107972153722,0.0472528848505455,0.0273989741881146,0.0109290705321902,0.0047506027585978,0,0.00677968698537877,-0.0149501673606675
"17-06",0.0161001516378413,0.0605397917401619,0.00480222592410708,0.132445126745987,-0.0126736700709431,-0.0227925845246263,-0.0011174193776363,0.0630998685452485,0.0446589243152359,0.0134221318116519,0.0183333024766116,-0.0285211639907732,-0.0274619910027713,-0.016394136744507,-0.0481484152782306,-0.0169548513521157,0.0713595851000756,0.0199206122940703,-0.038977743709938,-0.00448889937010095,0.0151497675882155,-0.0315291151240879,0.021358722630674,-0.0101713383383726,0.0154548932105454,0.133531392624523,-0.0218644836967383,0.009072119606711,0,-0.0554791523202286,0.0689928714869514,0.0303053494953291,0.00673403218134412,-0.0387860250351565,-0.0485532254169908,-0.0490075791066945,-0.0555698511548108,0.021239146692489
